date,gdp_growth_pct,interest_rate_pct,usd_gbp,usd_eur,cpi_index,oil_price_usd
2019-01-01,2.5,4.5,0.79,0.92,110.0,80.0
2019-02-01,2.6759,4.2521,0.8027,0.9044,76.709,81.1419
2019-03-01,2.031,3.5202,0.808,0.8998,43.1206,87.5127
2019-04-01,2.3889,3.7758,0.8056,0.9044,43.8999,95.8479
2019-05-01,2.9092,3.526,0.8049,0.9272,20.9393,95.264
2019-06-01,1.5933,3.5405,0.7956,0.9139,15.0767,104.4682
2019-07-01,1.1255,3.7942,0.8017,0.9107,17.351,104.9997
2019-08-01,1.1759,4.0446,0.7953,0.921,26.2627,98.4875
2019-09-01,1.1066,4.4368,0.7783,0.9268,33.3949,94.1394
2019-10-01,1.1197,4.3743,0.7612,0.9217,11.0,83.9865
2019-11-01,0.9164,4.1081,0.7638,0.9199,12.6972,78.5767
2019-12-01,1.1223,4.0641,0.7849,0.9016,13.3365,76.556
2020-01-01,1.3411,3.0779,0.7872,0.8987,15.9684,81.0187
2020-02-01,1.376,2.4469,0.7856,0.8955,27.3787,91.0733
2020-03-01,1.7482,1.9968,0.7895,0.8987,11.0,81.9149
2020-04-01,1.9464,1.7303,0.8074,0.8917,11.0,84.2244
2020-05-01,1.5671,1.8532,0.8103,0.8981,14.0621,77.8714
2020-06-01,1.7122,1.633,0.8043,0.9114,11.0,80.5533
2020-07-01,1.3429,1.5678,0.8196,0.9136,18.2777,79.7876
2020-08-01,1.6298,1.8862,0.8253,0.9183,21.4223,69.2463
2020-09-01,1.6218,1.811,0.8469,0.919,29.4968,73.9571
2020-10-01,1.5636,2.0262,0.8491,0.919,22.4057,70.7683
2020-11-01,1.3294,1.7738,0.8305,0.9094,30.5197,68.1031
2020-12-01,1.7194,1.7439,0.8104,0.9137,44.8387,62.9246
2021-01-01,1.6678,1.5277,0.8333,0.9125,49.5231,60.0672
2021-02-01,1.5132,1.4778,0.8578,0.9401,54.7009,62.055
2021-03-01,1.4025,1.6822,0.8544,0.9613,61.2425,61.3271
2021-04-01,1.5886,1.2863,0.8481,0.9662,38.4695,62.9062
2021-05-01,1.7341,1.3937,0.869,0.9551,36.1909,64.6633
2021-06-01,1.9089,1.4674,0.8516,0.9394,33.9852,70.9286
2021-07-01,2.1063,1.3668,0.8378,0.9554,39.8173,69.2344
2021-08-01,3.1529,1.1077,0.8466,0.9586,57.2311,61.927
2021-09-01,2.8488,1.1475,0.8403,0.9649,31.1306,66.8171
2021-10-01,2.5075,1.0877,0.8397,0.9402,29.6426,65.3065
2021-11-01,2.0361,1.1527,0.8368,0.9525,48.859,70.6576
2021-12-01,2.3316,1.1842,0.8412,0.9585,33.28,72.6749
2022-01-01,2.9416,1.4856,0.8612,0.9427,21.6227,72.0359
2022-02-01,2.8587,1.4594,0.8619,0.9361,23.7378,73.9022
2022-03-01,2.2995,1.2691,0.8708,0.9395,32.6327,84.3484
2022-04-01,1.8642,1.3289,0.839,0.94,32.9875,96.9627
2022-05-01,2.1522,1.3975,0.8378,0.9358,52.163,97.3351
2022-06-01,2.526,1.6976,0.8251,0.9343,71.6602,98.3448
2022-07-01,2.8425,1.9255,0.8074,0.9307,97.8775,105.8611
2022-08-01,2.4014,2.0462,0.7949,0.9327,121.3925,99.2279
2022-09-01,2.5313,2.4988,0.7902,0.9524,243.7159,101.4849
2022-10-01,2.5992,2.0867,0.8028,0.9167,221.7304,101.1523
2022-11-01,2.7292,1.9141,0.7842,0.9136,29.0887,103.3028
2022-12-01,3.2756,1.6797,0.7847,0.916,49.4979,96.9345
2023-01-01,3.435,1.6087,0.7782,0.92,39.8392,85.7015
2023-02-01,3.9619,1.3131,0.7739,0.9151,41.8756,72.8422
2023-03-01,4.0055,1.4601,0.7875,0.8919,65.7915,67.0159
2023-04-01,4.2541,1.4386,0.7948,0.8964,20.256,64.8841
2023-05-01,4.8524,1.1587,0.8132,0.919,11.0,63.6119
2023-06-01,3.1901,1.0167,0.8108,0.8987,11.0,72.6146
2023-07-01,2.9459,1.0917,0.8008,0.9101,11.0,78.4598
2023-08-01,2.6203,1.2522,0.7976,0.9059,13.3416,73.0224
2023-09-01,2.2322,1.6401,0.8009,0.9052,16.6115,74.9013
2023-10-01,2.0937,2.3538,0.8032,0.8916,18.8322,72.7348
2023-11-01,2.8217,2.5124,0.788,0.8876,11.0,71.2906
2023-12-01,2.2534,2.1702,0.7892,0.9045,11.0,72.3022
2024-01-01,2.7604,1.5217,0.7924,0.9123,11.5064,75.5843
2024-02-01,1.6843,1.6054,0.8269,0.9352,11.0,73.7631
2024-03-01,1.5643,1.4411,0.8534,0.9509,13.4356,79.468
2024-04-01,1.6348,1.3802,0.8402,0.9567,17.7609,72.9224
2024-05-01,1.8669,1.2843,0.8355,0.9804,19.0546,73.003
2024-06-01,2.1815,1.285,0.8138,0.986,25.5538,86.7355
2024-07-01,2.5851,1.5095,0.8053,0.9971,28.3011,88.087
2024-08-01,2.3759,1.5686,0.8095,0.9921,35.0012,97.1442
2024-09-01,2.1237,1.5571,0.8262,0.9923,24.5087,97.6716
2024-10-01,2.5492,1.3489,0.8154,0.9816,22.8163,101.6476
2024-11-01,2.436,1.0491,0.806,0.995,24.9783,101.0867
2024-12-01,1.7191,1.0042,0.7758,0.9773,34.0657,99.7029
2025-01-01,1.279,1.0255,0.7738,0.9878,28.4475,93.9629
2025-02-01,1.0227,1.3162,0.7597,0.9844,35.0711,96.7877
2025-03-01,1.1585,1.3675,0.753,1.0004,31.2214,90.7278
2025-04-01,1.2134,1.5875,0.742,1.0104,29.8292,95.0143
2025-05-01,1.423,1.4974,0.7412,1.0361,40.7441,102.3561
2025-06-01,1.296,1.2663,0.7192,1.0458,11.0,104.9146
2025-07-01,1.3585,1.1169,0.7016,1.0208,11.0,102.5812
2025-08-01,1.5691,1.0282,0.7283,1.0188,11.0,105.7914
2025-09-01,1.4686,1.373,0.7127,1.0006,11.0,103.2628
2025-10-01,1.6364,1.2362,0.7,0.9923,11.0,110.0797
2025-11-01,1.3971,1.4131,0.7231,1.0133,14.8172,95.3299
2025-12-01,1.2937,1.2546,0.7602,1.0216,13.2273,92.9188
