date,segment,vehicles_sold,claims_count,claims_per_1000,avg_claim_gbp,warranty_cost_gbp,warranty_pct_revenue,dominant_failure_mode,accrual_gbp,accrual_adequacy_pct
2019-01-01,EV,1278,26,20.52,3432.0,89232.0,0.118,Infotainment,2564573.7,2874.05
2019-01-01,Luxury_SUV,8146,211,25.92,1350.0,284850.0,0.047,Infotainment,18328519.92,6434.45
2019-01-01,Performance,4586,109,23.76,1200.0,130800.0,0.065,Electrical,5650695.06,4320.1
2019-01-01,Premium_SUV,10198,297,29.16,1050.0,311850.0,0.062,Powertrain,15491003.26,4967.45
2019-02-01,EV,1383,27,19.47,3174.66,85715.73,0.105,Battery/EV,2774675.27,3237.07
2019-02-01,Luxury_SUV,7874,186,23.61,1493.38,277768.52,0.047,Suspension,17718740.82,6378.96
2019-02-01,Performance,5532,133,24.06,1176.64,156492.91,0.064,Powertrain,6815661.51,4355.25
2019-02-01,Premium_SUV,11132,295,26.54,1078.93,318283.96,0.058,Infotainment,16910097.73,5312.9
2019-03-01,EV,1485,28,19.07,3079.12,86215.26,0.098,Electrical,2980558.72,3457.11
2019-03-01,Luxury_SUV,9680,217,22.37,1480.41,321248.66,0.044,Infotainment,21780825.46,6780.05
2019-03-01,Performance,5013,120,23.84,1210.42,145250.49,0.066,Powertrain,6176716.05,4252.46
2019-03-01,Premium_SUV,13322,359,26.94,1107.02,397421.09,0.061,Electrical,20236709.84,5092.01
2019-04-01,EV,1650,31,18.95,3270.75,101393.28,0.104,Infotainment,3310084.55,3264.6
2019-04-01,Luxury_SUV,10555,238,22.54,1536.35,365651.01,0.046,Electrical,23749819.14,6495.22
2019-04-01,Performance,5485,118,21.46,1165.69,137551.29,0.057,Body,6758152.41,4913.19
2019-04-01,Premium_SUV,13070,332,25.42,1125.69,373727.47,0.058,Suspension,19853841.05,5312.38
2019-05-01,EV,1900,36,18.69,3340.9,120272.49,0.107,Electrical,3812584.74,3169.96
2019-05-01,Luxury_SUV,9002,203,22.52,1508.86,306297.96,0.045,Body,20255688.7,6613.07
2019-05-01,Performance,6438,128,19.95,1197.66,153300.16,0.054,Powertrain,7932314.65,5174.37
2019-05-01,Premium_SUV,14302,306,21.38,1128.6,345350.11,0.049,Powertrain,21726216.93,6291.07
2019-06-01,EV,1444,28,19.31,3416.64,95665.8,0.112,Suspension,2897780.83,3029.07
2019-06-01,Luxury_SUV,9660,215,22.24,1514.08,325527.35,0.045,Suspension,21736364.46,6677.28
2019-06-01,Performance,6107,128,20.97,1142.38,146224.7,0.054,Powertrain,7524536.4,5145.87
2019-06-01,Premium_SUV,16340,369,22.6,1041.24,384216.47,0.048,Powertrain,24820666.39,6460.07
2019-07-01,EV,1708,34,19.79,3676.24,124992.23,0.124,Electrical,3427099.99,2741.85
2019-07-01,Luxury_SUV,10554,216,20.44,1484.03,320551.0,0.04,Body,23747940.09,7408.47
2019-07-01,Performance,6179,124,20.14,1148.87,142460.0,0.052,Powertrain,7612896.57,5343.88
2019-07-01,Premium_SUV,14372,333,23.17,1050.89,349945.75,0.05,Body,21832481.04,6238.82
2019-08-01,EV,1680,31,18.58,3692.96,114481.67,0.115,Powertrain,3370152.62,2943.84
2019-08-01,Luxury_SUV,9748,180,18.43,1454.27,261768.61,0.036,Suspension,21934002.27,8379.16
2019-08-01,Performance,5823,132,22.69,1169.83,154417.26,0.06,Powertrain,7174494.66,4646.17
2019-08-01,Premium_SUV,14772,338,22.88,1031.8,348749.12,0.048,Suspension,22439619.21,6434.32
2019-09-01,EV,1582,32,20.39,3732.47,119439.15,0.128,Battery/EV,3173723.39,2657.19
2019-09-01,Luxury_SUV,9277,184,19.88,1397.51,257142.1,0.037,Body,20875419.91,8118.24
2019-09-01,Performance,5618,129,22.95,1301.11,167842.71,0.068,Body,6922106.0,4124.16
2019-09-01,Premium_SUV,12233,274,22.36,985.99,270160.56,0.045,Powertrain,18582667.7,6878.38
2019-10-01,EV,1402,28,20.18,4046.42,113299.63,0.137,Battery/EV,2812521.25,2482.37
2019-10-01,Luxury_SUV,8092,168,20.8,1419.03,238397.81,0.039,Body,18207995.16,7637.65
2019-10-01,Performance,5586,134,23.97,1220.17,163502.41,0.067,Electrical,6882718.96,4209.55
2019-10-01,Premium_SUV,11952,301,25.16,1076.3,323967.67,0.055,Powertrain,18156211.42,5604.33
2019-11-01,EV,1192,26,21.62,3895.69,101287.81,0.144,Battery/EV,2391841.58,2361.43
2019-11-01,Luxury_SUV,8607,197,22.87,1366.23,269147.94,0.042,Powertrain,19367942.1,7196.02
2019-11-01,Performance,4821,127,26.37,1295.26,164497.85,0.078,Suspension,5940647.89,3611.38
2019-11-01,Premium_SUV,10666,288,27.04,1151.31,331577.32,0.063,Powertrain,16201964.69,4886.33
2019-12-01,EV,1364,30,21.76,3694.87,110846.17,0.138,Battery/EV,2736289.92,2468.55
2019-12-01,Luxury_SUV,8366,208,24.85,1408.17,292899.34,0.047,Body,18824651.89,6427.0
2019-12-01,Performance,4899,130,26.55,1291.18,167853.26,0.078,Powertrain,6036698.14,3596.41
2019-12-01,Premium_SUV,10915,343,31.46,1196.14,410274.59,0.077,Infotainment,16580057.24,4041.21
2020-01-01,EV,1536,32,21.12,3702.86,118491.56,0.131,Suspension,3081422.48,2600.54
2020-01-01,Luxury_SUV,8173,208,25.44,1465.65,304855.4,0.05,Electrical,18389255.4,6032.12
2020-01-01,Performance,4117,103,25.01,1301.28,134031.48,0.074,Infotainment,5072610.49,3784.64
2020-01-01,Premium_SUV,12137,387,31.86,1185.09,458631.57,0.077,Electrical,18437347.63,4020.08
2020-02-01,EV,1305,25,18.85,3710.92,92772.89,0.12,Battery/EV,2619054.49,2823.08
2020-02-01,Luxury_SUV,9346,245,26.26,1472.55,360773.57,0.051,Infotainment,21029496.68,5829.0
2020-02-01,Performance,5101,124,24.39,1295.47,160638.49,0.072,Electrical,6285070.81,3912.56
2020-02-01,Premium_SUV,10730,339,31.57,1223.95,414919.96,0.079,Powertrain,16300139.54,3928.5
2020-03-01,EV,1683,31,18.29,3584.63,111123.38,0.112,Battery/EV,3377086.73,3039.04
2020-03-01,Luxury_SUV,9687,249,25.71,1442.39,359155.71,0.049,Infotainment,21796965.83,6068.95
2020-03-01,Performance,5215,123,23.51,1307.45,160816.23,0.07,Electrical,6425952.45,3995.84
2020-03-01,Premium_SUV,13620,408,29.95,1197.79,488700.06,0.073,Powertrain,20688798.33,4233.43
2020-04-01,EV,1673,27,16.28,3414.1,92180.65,0.093,Battery/EV,3357805.93,3642.64
2020-04-01,Luxury_SUV,9492,239,25.21,1459.97,348932.23,0.049,Suspension,21359181.9,6121.3
2020-04-01,Performance,5459,115,20.98,1287.97,148116.45,0.062,Suspension,6725828.61,4540.91
2020-04-01,Premium_SUV,14469,427,29.54,1185.52,506217.6,0.071,Electrical,21979023.14,4341.81
2020-05-01,EV,1800,30,16.83,3737.71,112131.22,0.106,Powertrain,3610971.61,3220.31
2020-05-01,Luxury_SUV,10908,253,23.16,1432.11,362323.72,0.044,Suspension,24543296.97,6773.86
2020-05-01,Performance,5897,118,20.07,1352.58,159604.18,0.062,Suspension,7265434.72,4552.16
2020-05-01,Premium_SUV,14360,412,28.68,1119.88,461389.07,0.066,Suspension,21813747.03,4727.84
2020-06-01,EV,1711,30,17.71,3723.86,111715.74,0.111,Infotainment,3432355.13,3072.4
2020-06-01,Luxury_SUV,10112,225,22.23,1479.87,332970.48,0.044,Electrical,22753628.55,6833.53
2020-06-01,Performance,6255,118,18.9,1310.06,154586.75,0.056,Suspension,7707194.94,4985.68
2020-06-01,Premium_SUV,13728,396,28.84,1132.41,448433.97,0.067,Infotainment,20854098.61,4650.43
2020-07-01,EV,1779,30,16.65,3567.1,107012.85,0.102,Electrical,3569304.0,3335.4
2020-07-01,Luxury_SUV,11324,252,22.21,1363.8,343676.99,0.04,Body,25479399.29,7413.76
2020-07-01,Performance,6708,134,19.93,1355.54,181642.33,0.062,Powertrain,8264362.11,4549.8
2020-07-01,Premium_SUV,15108,410,27.13,1128.26,462585.09,0.062,Electrical,22949550.73,4961.15
2020-08-01,EV,1898,32,17.08,3668.7,117398.55,0.105,Infotainment,3808422.9,3244.01
2020-08-01,Luxury_SUV,10130,237,23.36,1355.08,321153.07,0.042,Body,22794044.06,7097.56
2020-08-01,Performance,5449,110,20.26,1303.96,143435.1,0.06,Powertrain,6713840.01,4680.75
2020-08-01,Premium_SUV,13794,365,26.43,1065.85,389036.34,0.058,Powertrain,20953341.51,5385.96
2020-09-01,EV,1691,29,16.91,3608.98,104660.42,0.105,Powertrain,3392701.73,3241.63
2020-09-01,Luxury_SUV,9349,219,23.43,1255.5,274954.56,0.039,Electrical,21036708.46,7650.98
2020-09-01,Performance,5609,116,20.64,1292.24,149900.11,0.061,Infotainment,6910563.74,4610.11
2020-09-01,Premium_SUV,13564,358,26.38,1070.9,383382.66,0.058,Powertrain,20604646.99,5374.43
2020-10-01,EV,1691,29,17.1,3541.51,102703.81,0.103,Suspension,3393909.19,3304.56
2020-10-01,Luxury_SUV,8357,209,24.95,1203.96,251626.84,0.04,Powertrain,18804671.64,7473.24
2020-10-01,Performance,5010,108,21.49,1232.66,133126.86,0.06,Powertrain,6172351.39,4636.44
2020-10-01,Premium_SUV,12385,352,28.45,1074.13,378092.64,0.062,Powertrain,18812829.5,4975.72
2020-11-01,EV,1542,29,18.67,3599.93,104398.07,0.115,Battery/EV,3093676.11,2963.35
2020-11-01,Luxury_SUV,8975,228,25.42,1324.49,301982.93,0.045,Powertrain,20195813.39,6687.73
2020-11-01,Performance,4773,108,22.71,1261.94,136289.02,0.065,Body,5881278.36,4315.3
2020-11-01,Premium_SUV,12957,407,31.39,1159.6,471957.0,0.074,Body,19681946.37,4170.28
2020-12-01,EV,1440,28,19.13,3391.34,94957.66,0.112,Body,2888903.89,3042.31
2020-12-01,Luxury_SUV,8002,207,25.89,1395.29,288825.81,0.048,Body,18006375.2,6234.34
2020-12-01,Performance,5116,123,24.11,1335.75,164297.15,0.073,Infotainment,6303193.88,3836.46
2020-12-01,Premium_SUV,11209,347,30.93,1188.95,412564.48,0.075,Body,17026514.06,4126.99
2021-01-01,EV,1610,34,20.98,3451.16,117339.34,0.123,Battery/EV,3231500.2,2753.98
2021-01-01,Luxury_SUV,8046,219,27.18,1361.16,298093.96,0.049,Electrical,18103974.62,6073.24
2021-01-01,Performance,5086,117,23.04,1318.83,154302.53,0.069,Infotainment,6266165.8,4060.96
2021-01-01,Premium_SUV,10850,328,30.2,1174.05,385089.39,0.072,Suspension,16482496.6,4280.17
2021-02-01,EV,1579,31,19.94,3714.2,115140.27,0.124,Powertrain,3167694.33,2751.16
2021-02-01,Luxury_SUV,8614,208,24.1,1289.79,268276.28,0.042,Suspension,19383189.22,7225.09
2021-02-01,Performance,5707,124,21.73,1299.71,161164.13,0.064,Body,7032000.86,4363.25
2021-02-01,Premium_SUV,12601,380,30.15,1173.04,445753.98,0.072,Suspension,19142334.5,4294.37
2021-03-01,EV,1758,35,20.12,3725.4,130389.03,0.126,Body,3528267.39,2705.95
2021-03-01,Luxury_SUV,9920,220,22.13,1149.74,252943.74,0.034,Electrical,22320573.98,8824.32
2021-03-01,Performance,5590,127,22.75,1238.43,157280.34,0.064,Body,6887208.79,4378.94
2021-03-01,Premium_SUV,13683,393,28.73,1163.62,457302.74,0.068,Suspension,20785877.75,4545.32
2021-04-01,EV,1756,34,19.09,3618.35,123023.89,0.119,Infotainment,3523869.62,2864.38
2021-04-01,Luxury_SUV,10561,212,20.04,1175.8,249269.82,0.031,Suspension,23762313.11,9532.77
2021-04-01,Performance,5788,124,21.45,1234.58,153087.32,0.06,Powertrain,7131448.88,4658.42
2021-04-01,Premium_SUV,15890,457,28.79,1145.55,523514.8,0.067,Suspension,24138143.45,4610.79
2021-05-01,EV,1901,36,18.72,3514.76,126531.3,0.113,Infotainment,3814218.34,3014.45
2021-05-01,Luxury_SUV,11154,193,17.31,1366.57,263748.56,0.032,Electrical,25096508.86,9515.32
2021-05-01,Performance,6305,121,19.2,1162.69,140686.0,0.051,Powertrain,7768431.76,5521.82
2021-05-01,Premium_SUV,16168,394,24.37,1092.38,430398.1,0.054,Powertrain,24560185.07,5706.39
2021-06-01,EV,1839,32,17.41,3445.33,110250.53,0.102,Battery/EV,3689129.73,3346.13
2021-06-01,Luxury_SUV,11384,195,17.14,1406.63,274291.96,0.032,Body,25615026.46,9338.6
2021-06-01,Performance,6641,129,19.44,1140.02,147062.7,0.05,Infotainment,8181825.92,5563.5
2021-06-01,Premium_SUV,15961,365,22.89,1091.59,398428.56,0.051,Powertrain,24244948.47,6085.14
2021-07-01,EV,2038,35,16.95,3411.46,119401.19,0.099,Infotainment,4089817.43,3425.27
2021-07-01,Luxury_SUV,12505,235,18.8,1382.28,324835.96,0.035,Powertrain,28137829.53,8662.17
2021-07-01,Performance,6505,129,19.89,1180.37,152268.32,0.053,Electrical,8015094.11,5263.8
2021-07-01,Premium_SUV,16894,373,22.1,1064.81,397175.65,0.048,Electrical,25661999.67,6461.12
2021-08-01,EV,1670,28,16.87,3367.4,94287.12,0.096,Body,3351225.47,3554.28
2021-08-01,Luxury_SUV,10068,195,19.36,1422.17,277322.5,0.037,Infotainment,22654063.35,8168.85
2021-08-01,Performance,5658,105,18.63,1269.05,133250.55,0.054,Powertrain,6971801.19,5232.1
2021-08-01,Premium_SUV,13387,268,20.0,1021.18,273676.06,0.042,Infotainment,20335883.7,7430.64
2021-09-01,EV,1793,30,16.56,3510.84,105325.24,0.1,Infotainment,3596957.98,3415.1
2021-09-01,Luxury_SUV,9309,194,20.81,1338.05,259581.43,0.037,Body,20946006.87,8069.15
2021-09-01,Performance,5741,114,19.84,1417.06,161544.91,0.064,Electrical,7073769.68,4378.83
2021-09-01,Premium_SUV,12996,266,20.43,1065.44,283408.35,0.045,Powertrain,19741323.96,6965.68
2021-10-01,EV,1557,28,17.85,3260.07,91282.02,0.099,Electrical,3123779.67,3422.12
2021-10-01,Luxury_SUV,8435,198,23.45,1343.93,266098.7,0.042,Suspension,18980881.58,7133.02
2021-10-01,Performance,5370,117,21.74,1362.27,159385.69,0.067,Body,6616380.19,4151.18
2021-10-01,Premium_SUV,11787,250,21.19,1096.02,274005.27,0.047,Body,17905188.84,6534.61
2021-11-01,EV,1612,31,19.05,3417.77,105950.83,0.111,Infotainment,3234081.33,3052.44
2021-11-01,Luxury_SUV,8791,230,26.16,1372.12,315587.45,0.048,Body,19780301.36,6267.77
2021-11-01,Performance,5857,135,23.09,1422.72,192066.59,0.075,Body,7216686.3,3757.39
2021-11-01,Premium_SUV,11551,265,22.97,1023.04,271106.63,0.048,Infotainment,17546817.55,6472.29
2021-12-01,EV,1537,31,19.92,3372.66,104552.32,0.115,Infotainment,3084677.53,2950.37
2021-12-01,Luxury_SUV,8897,236,26.56,1384.53,326749.1,0.049,Powertrain,20020185.48,6127.08
2021-12-01,Performance,5512,135,24.44,1410.44,190409.4,0.078,Infotainment,6791917.15,3567.01
2021-12-01,Premium_SUV,10499,276,26.27,1039.81,286987.95,0.056,Infotainment,15949284.83,5557.48
2022-01-01,EV,1692,36,21.26,3441.17,123882.05,0.124,Suspension,3394554.21,2740.15
2022-01-01,Luxury_SUV,8386,238,28.4,1445.93,344131.6,0.055,Electrical,18870748.53,5483.58
2022-01-01,Performance,4697,107,22.83,1380.74,147739.03,0.071,Electrical,5787218.77,3917.19
2022-01-01,Premium_SUV,12442,332,26.7,1104.17,366584.54,0.06,Powertrain,18900504.89,5155.84
2022-02-01,EV,1683,37,21.86,3288.4,121670.72,0.123,Electrical,3376749.85,2775.32
2022-02-01,Luxury_SUV,8472,235,27.75,1469.84,345413.47,0.054,Powertrain,19063416.49,5519.01
2022-02-01,Performance,5212,121,23.18,1387.6,167899.2,0.073,Powertrain,6421655.88,3824.71
2022-02-01,Premium_SUV,12487,318,25.44,1159.15,368610.42,0.06,Powertrain,18968340.56,5145.9
2022-03-01,EV,1546,31,20.23,3505.5,108670.63,0.119,Battery/EV,3101879.01,2854.39
2022-03-01,Luxury_SUV,9184,235,25.54,1508.47,354490.87,0.051,Powertrain,20665516.74,5829.63
2022-03-01,Performance,5169,115,22.27,1374.43,158059.65,0.069,Electrical,6369059.14,4029.53
2022-03-01,Premium_SUV,12320,312,25.33,1202.24,375097.8,0.062,Powertrain,18715058.4,4989.38
2022-04-01,EV,1865,36,19.3,3667.92,132045.08,0.12,Body,3742686.16,2834.4
2022-04-01,Luxury_SUV,10972,260,23.73,1460.85,379821.59,0.046,Infotainment,24688420.33,6500.0
2022-04-01,Performance,5944,125,21.0,1366.9,170862.2,0.065,Powertrain,7324216.91,4286.62
2022-04-01,Premium_SUV,13736,361,26.3,1192.48,430483.69,0.064,Body,20866023.19,4847.11
2022-05-01,EV,1815,32,17.58,3758.51,120272.25,0.112,Battery/EV,3641111.43,3027.39
2022-05-01,Luxury_SUV,11622,246,21.13,1515.96,372925.13,0.043,Infotainment,26151184.64,7012.45
2022-05-01,Performance,6672,142,21.27,1334.39,189483.63,0.065,Infotainment,8220593.12,4338.42
2022-05-01,Premium_SUV,15909,384,24.12,1144.87,439629.71,0.056,Infotainment,24166088.3,5496.92
2022-06-01,EV,1946,33,16.82,3489.13,115141.24,0.1,Infotainment,3904506.62,3391.06
2022-06-01,Luxury_SUV,11690,232,19.86,1603.64,372043.43,0.042,Body,26302960.47,7069.86
2022-06-01,Performance,7216,160,22.11,1257.22,201155.97,0.063,Infotainment,8890800.25,4419.85
2022-06-01,Premium_SUV,16800,379,22.59,1096.19,415456.37,0.05,Body,25519548.37,6142.53
2022-07-01,EV,2202,35,15.95,3597.73,125920.47,0.097,Battery/EV,4417459.85,3508.13
2022-07-01,Luxury_SUV,10566,208,19.73,1522.02,316580.94,0.04,Body,23773924.49,7509.59
2022-07-01,Performance,6214,145,23.34,1188.13,172279.3,0.063,Powertrain,7656281.04,4444.11
2022-07-01,Premium_SUV,17798,419,23.52,1122.75,470432.58,0.054,Powertrain,27036541.84,5747.17
2022-08-01,EV,1986,34,17.35,3626.11,123287.82,0.105,Electrical,3984439.57,3231.82
2022-08-01,Luxury_SUV,10732,229,21.33,1461.91,334777.23,0.042,Body,24147004.05,7212.86
2022-08-01,Performance,5954,145,24.33,1247.99,180958.85,0.069,Powertrain,7335924.53,4053.92
2022-08-01,Premium_SUV,17915,426,23.79,1146.09,488234.61,0.056,Electrical,27213989.49,5573.96
2022-09-01,EV,1688,30,17.85,3370.96,101128.72,0.102,Infotainment,3386444.74,3348.65
2022-09-01,Luxury_SUV,9919,240,24.19,1545.26,370861.95,0.05,Body,22318319.25,6017.96
2022-09-01,Performance,4940,119,24.19,1247.8,148488.62,0.068,Powertrain,6086082.34,4098.69
2022-09-01,Premium_SUV,14266,366,25.65,1206.9,441725.3,0.063,Electrical,21670147.77,4905.8
2022-10-01,EV,1530,28,18.06,3385.59,94796.46,0.105,Powertrain,3070660.84,3239.21
2022-10-01,Luxury_SUV,9254,216,23.3,1522.58,328876.61,0.047,Powertrain,20822940.05,6331.54
2022-10-01,Performance,5324,133,24.94,1231.35,163769.98,0.07,Suspension,6560236.58,4005.76
2022-10-01,Premium_SUV,11954,320,26.76,1247.58,399225.66,0.068,Body,18158636.02,4548.46
2022-11-01,EV,1558,31,19.57,3451.23,106988.1,0.116,Electrical,3127085.1,2922.83
2022-11-01,Luxury_SUV,9111,227,24.87,1599.33,363047.4,0.053,Powertrain,20500189.77,5646.7
2022-11-01,Performance,4696,123,26.21,1250.41,153799.98,0.074,Infotainment,5786676.97,3762.47
2022-11-01,Premium_SUV,10294,297,28.86,1224.0,363529.31,0.072,Body,15637314.44,4301.53
2022-12-01,EV,1394,25,17.71,3530.41,88260.15,0.107,Infotainment,2798061.71,3170.24
2022-12-01,Luxury_SUV,8533,207,24.25,1552.1,321283.73,0.05,Infotainment,19200419.08,5976.16
2022-12-01,Performance,4780,126,26.4,1307.62,164760.09,0.078,Powertrain,5889977.82,3574.88
2022-12-01,Premium_SUV,12061,338,28.02,1154.25,390137.92,0.066,Powertrain,18320758.77,4695.97
2023-01-01,EV,1492,24,16.08,3541.48,84995.52,0.097,Infotainment,2994144.79,3522.71
2023-01-01,Luxury_SUV,9023,229,25.4,1627.46,372688.82,0.055,Body,20302472.94,5447.57
2023-01-01,Performance,4777,125,26.24,1321.6,165200.5,0.079,Suspension,5886044.3,3562.97
2023-01-01,Premium_SUV,11447,326,28.46,1141.41,372100.58,0.066,Suspension,17388186.39,4672.98
2023-02-01,EV,1707,29,17.03,3566.26,103421.62,0.103,Body,3424788.07,3311.48
2023-02-01,Luxury_SUV,9215,231,25.08,1609.82,371869.13,0.054,Powertrain,20733792.01,5575.56
2023-02-01,Performance,5383,142,26.46,1289.08,183049.41,0.077,Electrical,6632891.02,3623.55
2023-02-01,Premium_SUV,12547,351,28.01,1156.35,405879.64,0.066,Powertrain,19060271.62,4696.04
2023-03-01,EV,1959,33,16.76,3749.96,123748.76,0.107,Electrical,3929914.91,3175.72
2023-03-01,Luxury_SUV,10131,225,22.22,1603.81,360858.34,0.047,Battery/EV,22795950.81,6317.15
2023-03-01,Performance,5146,129,25.1,1363.21,175853.74,0.078,Electrical,6339926.46,3605.23
2023-03-01,Premium_SUV,13393,344,25.7,1149.33,395370.87,0.06,Suspension,20344723.83,5145.73
2023-04-01,EV,2038,33,16.42,3862.84,127473.83,0.106,Powertrain,4089174.66,3207.85
2023-04-01,Luxury_SUV,11164,257,23.01,1677.63,431151.57,0.051,Infotainment,25119544.65,5826.15
2023-04-01,Performance,5669,130,22.9,1441.98,187457.17,0.075,Suspension,6984285.69,3725.8
2023-04-01,Premium_SUV,14917,344,23.06,1126.66,387572.44,0.053,Powertrain,22659225.86,5846.45
2023-05-01,EV,1731,25,14.72,3386.35,84658.84,0.083,Suspension,3473063.6,4102.42
2023-05-01,Luxury_SUV,10107,218,21.58,1622.23,353646.49,0.047,Powertrain,22740901.32,6430.4
2023-05-01,Performance,7642,163,21.38,1448.07,236034.67,0.07,Powertrain,9414961.38,3988.8
2023-05-01,Premium_SUV,17042,405,23.78,1147.55,464757.94,0.056,Powertrain,25888113.53,5570.24
2023-06-01,EV,2150,31,14.47,3358.4,104110.39,0.082,Electrical,4314516.66,4144.17
2023-06-01,Luxury_SUV,11216,231,20.61,1543.61,356572.8,0.042,Electrical,25236268.85,7077.45
2023-06-01,Performance,6168,132,21.32,1479.03,195231.46,0.072,Powertrain,7599533.06,3892.58
2023-06-01,Premium_SUV,16344,376,23.03,1129.45,424673.27,0.053,Body,24826546.86,5846.03
2023-07-01,EV,2086,33,16.01,3357.34,110792.17,0.09,Electrical,4185854.34,3778.11
2023-07-01,Luxury_SUV,10917,213,19.53,1510.63,321763.88,0.039,Suspension,24565273.13,7634.57
2023-07-01,Performance,6158,129,20.91,1518.76,195920.24,0.072,Infotainment,7587843.25,3872.92
2023-07-01,Premium_SUV,15731,345,21.91,1109.53,382789.23,0.05,Powertrain,23896077.87,6242.62
2023-08-01,EV,2039,34,16.64,3136.6,106644.28,0.089,Electrical,4091147.32,3836.26
2023-08-01,Luxury_SUV,10276,201,19.54,1538.93,309324.58,0.04,Infotainment,23121845.64,7474.95
2023-08-01,Performance,7174,153,21.37,1545.24,236422.46,0.075,Powertrain,8838431.51,3738.41
2023-08-01,Premium_SUV,14059,318,22.64,1137.93,361862.32,0.053,Electrical,21356134.25,5901.73
2023-09-01,EV,2059,35,17.01,3216.02,112560.74,0.093,Battery/EV,4130954.1,3669.98
2023-09-01,Luxury_SUV,9829,209,21.23,1440.53,301070.47,0.041,Powertrain,22115687.96,7345.68
2023-09-01,Performance,7126,161,22.56,1539.42,247846.98,0.079,Infotainment,8779889.83,3542.46
2023-09-01,Premium_SUV,12466,316,25.33,1127.69,356351.17,0.058,Electrical,18936925.04,5314.12
2023-10-01,EV,1469,25,17.07,3439.82,85995.45,0.099,Body,2946906.53,3426.82
2023-10-01,Luxury_SUV,10256,228,22.26,1495.15,340893.42,0.044,Body,23076656.78,6769.46
2023-10-01,Performance,5036,115,22.79,1534.47,176463.67,0.08,Powertrain,6204928.47,3516.26
2023-10-01,Premium_SUV,12637,296,23.43,1150.25,340472.62,0.055,Powertrain,19196520.73,5638.2
2023-11-01,EV,1553,27,17.25,3295.18,88969.91,0.097,Infotainment,3116321.19,3502.67
2023-11-01,Luxury_SUV,8216,197,23.93,1468.36,289267.03,0.047,Electrical,18487689.65,6391.22
2023-11-01,Performance,5035,123,24.4,1526.82,187798.5,0.085,Powertrain,6203587.56,3303.32
2023-11-01,Premium_SUV,12278,282,23.01,1170.15,329981.15,0.055,Body,18651425.41,5652.27
2023-12-01,EV,1654,26,15.79,3376.96,87800.94,0.09,Infotainment,3318206.33,3779.24
2023-12-01,Luxury_SUV,9137,231,25.28,1549.66,357971.43,0.052,Body,20560260.82,5743.55
2023-12-01,Performance,5177,131,25.22,1434.08,187864.15,0.082,Powertrain,6379067.85,3395.57
2023-12-01,Premium_SUV,13551,317,23.36,1119.93,355018.1,0.053,Body,20584152.43,5798.06
2024-01-01,EV,1450,24,16.49,3268.81,78451.34,0.092,Electrical,2910329.03,3709.73
2024-01-01,Luxury_SUV,7739,211,27.32,1400.33,295468.92,0.051,Electrical,17414881.65,5893.98
2024-01-01,Performance,5811,138,23.67,1457.23,201097.68,0.079,Electrical,7159979.94,3560.45
2024-01-01,Premium_SUV,12475,335,26.84,1111.12,372224.64,0.061,Body,18950062.83,5091.03
2024-02-01,EV,1919,33,17.25,3216.24,106135.77,0.094,Electrical,3851405.63,3628.75
2024-02-01,Luxury_SUV,9122,240,26.33,1378.78,330906.24,0.048,Infotainment,20525037.65,6202.67
2024-02-01,Performance,5138,129,25.15,1365.09,176096.99,0.078,Powertrain,6330632.79,3594.97
2024-02-01,Premium_SUV,14068,386,27.44,1195.29,461381.57,0.067,Electrical,21369446.19,4631.62
2024-03-01,EV,1936,30,15.44,3472.64,104179.16,0.091,Battery/EV,3883955.25,3728.15
2024-03-01,Luxury_SUV,10229,242,23.64,1307.1,316318.75,0.041,Electrical,23015505.46,7276.05
2024-03-01,Performance,5873,138,23.57,1322.03,182439.55,0.071,Powertrain,7236493.98,3966.52
2024-03-01,Premium_SUV,13753,386,28.05,1140.01,440044.68,0.065,Infotainment,20891252.05,4747.53
2024-04-01,EV,2156,31,14.55,3397.55,105324.13,0.083,Electrical,4325785.41,4107.12
2024-04-01,Luxury_SUV,11335,275,24.26,1302.58,358208.49,0.042,Powertrain,25505289.97,7120.24
2024-04-01,Performance,6784,141,20.71,1401.86,197661.62,0.066,Suspension,8358427.35,4228.65
2024-04-01,Premium_SUV,14070,358,25.43,1050.69,376146.07,0.055,Powertrain,21373411.52,5682.21
2024-05-01,EV,2061,28,13.35,3477.13,97359.74,0.08,Electrical,4134400.95,4246.52
2024-05-01,Luxury_SUV,12032,275,22.86,1365.14,375412.75,0.042,Suspension,27074034.53,7211.8
2024-05-01,Performance,6979,133,19.03,1441.26,191687.28,0.062,Powertrain,8598469.26,4485.68
2024-05-01,Premium_SUV,15060,350,23.27,991.47,347015.9,0.047,Powertrain,22876431.24,6592.33
2024-06-01,EV,2317,29,12.61,3216.87,93289.31,0.068,Electrical,4648026.53,4982.38
2024-06-01,Luxury_SUV,12332,289,23.44,1389.69,401620.71,0.043,Powertrain,27748182.72,6909.05
2024-06-01,Performance,6722,120,17.81,1508.69,181042.66,0.061,Electrical,8281755.98,4574.48
2024-06-01,Premium_SUV,15627,369,23.63,1034.46,381716.83,0.05,Powertrain,23738311.64,6218.83
2024-07-01,EV,2322,30,12.94,3527.4,105821.93,0.077,Powertrain,4659064.03,4402.74
2024-07-01,Luxury_SUV,11216,262,23.38,1405.35,368202.76,0.044,Powertrain,25236284.41,6853.91
2024-07-01,Performance,6729,122,18.18,1467.33,179014.54,0.06,Powertrain,8291245.89,4631.6
2024-07-01,Premium_SUV,18613,442,23.73,1069.44,472692.88,0.052,Suspension,28274179.84,5981.51
2024-08-01,EV,2096,25,11.88,3601.04,90026.03,0.073,Battery/EV,3700522.15,4110.5
2024-08-01,Luxury_SUV,10600,246,23.24,1424.23,350361.57,0.044,Electrical,23850019.68,6807.26
2024-08-01,Performance,5850,108,18.53,1386.49,149740.68,0.058,Electrical,7207384.33,4813.24
2024-08-01,Premium_SUV,14548,363,24.92,1090.8,395961.5,0.056,Suspension,22099069.3,5581.12
2024-09-01,EV,1956,26,13.32,3551.01,92326.39,0.08,Infotainment,3453921.29,3740.99
2024-09-01,Luxury_SUV,10818,262,24.19,1462.26,383111.88,0.047,Infotainment,24341588.98,6353.65
2024-09-01,Performance,5930,114,19.16,1372.04,156412.79,0.06,Powertrain,7305776.21,4670.83
2024-09-01,Premium_SUV,15224,388,25.5,1172.21,454816.76,0.061,Body,23126184.71,5084.73
2024-10-01,EV,1820,27,14.86,3616.51,97645.85,0.091,Powertrain,3213184.28,3290.65
2024-10-01,Luxury_SUV,9327,255,27.3,1418.46,361708.51,0.052,Body,20987248.12,5802.25
2024-10-01,Performance,5482,115,21.05,1379.74,158669.88,0.066,Infotainment,6754366.43,4256.87
2024-10-01,Premium_SUV,12479,337,27.03,1051.27,354277.65,0.058,Battery/EV,18956992.38,5350.89
2024-11-01,EV,1583,24,15.44,3393.04,81432.92,0.087,Battery/EV,2796081.29,3433.6
2024-11-01,Luxury_SUV,8111,246,30.3,1489.95,366527.72,0.06,Suspension,18249923.41,4979.14
2024-11-01,Performance,5348,120,22.48,1385.15,166217.45,0.071,Powertrain,6589235.12,3964.23
2024-11-01,Premium_SUV,13368,379,28.33,1102.23,417743.81,0.064,Electrical,20306464.91,4860.99
2024-12-01,EV,1635,23,13.95,3574.87,82221.9,0.085,Infotainment,2886454.07,3510.57
2024-12-01,Luxury_SUV,8022,242,30.14,1545.14,373924.31,0.062,Electrical,18050452.57,4827.3
2024-12-01,Performance,4948,117,23.56,1448.1,169427.33,0.078,Suspension,6096966.86,3598.57
2024-12-01,Premium_SUV,12609,381,30.2,1199.73,457096.26,0.074,Infotainment,19153417.23,4190.24
2025-01-01,EV,1678,23,13.81,3510.98,80752.63,0.082,Infotainment,2963150.91,3669.42
2025-01-01,Luxury_SUV,8358,249,29.75,1572.77,391619.15,0.062,Electrical,18805602.68,4802.01
2025-01-01,Performance,5452,132,24.28,1416.64,186996.2,0.078,Suspension,6717871.08,3592.52
2025-01-01,Premium_SUV,12449,391,31.41,1148.55,449083.93,0.074,Infotainment,18910600.87,4210.93
2025-02-01,EV,1858,28,15.32,3476.7,97347.57,0.089,Body,3280057.36,3369.43
2025-02-01,Luxury_SUV,9841,296,30.07,1606.18,475429.09,0.064,Powertrain,22144019.2,4657.69
2025-02-01,Performance,6018,148,24.66,1431.33,211836.97,0.08,Powertrain,7414694.67,3500.19
2025-02-01,Premium_SUV,13363,378,28.31,1144.07,432456.94,0.066,Electrical,20298913.62,4693.86
2025-03-01,EV,2099,27,12.89,3409.39,92053.6,0.074,Battery/EV,3706824.72,4026.81
2025-03-01,Luxury_SUV,10399,284,27.34,1617.37,459332.04,0.059,Infotainment,23399737.84,5094.3
2025-03-01,Performance,6150,131,21.35,1369.37,179386.87,0.066,Powertrain,7577938.76,4224.36
2025-03-01,Premium_SUV,13844,339,24.49,1122.79,380624.59,0.056,Powertrain,21030049.31,5525.14
2025-04-01,EV,1959,25,12.76,3343.29,83582.25,0.072,Body,3459217.59,4138.7
2025-04-01,Luxury_SUV,11621,305,26.23,1735.48,529321.7,0.061,Suspension,26148971.08,4940.09
2025-04-01,Performance,6712,137,20.42,1399.96,191794.84,0.065,Powertrain,8269283.55,4311.53
2025-04-01,Premium_SUV,16108,412,25.59,1099.23,452883.3,0.057,Powertrain,24469363.27,5403.02
2025-05-01,EV,2212,26,11.89,3468.1,90170.59,0.069,Electrical,3904856.67,4330.52
2025-05-01,Luxury_SUV,11320,280,24.72,1698.19,475492.82,0.056,Infotainment,25470879.43,5356.73
2025-05-01,Performance,6921,122,17.61,1400.16,170819.6,0.056,Infotainment,8526929.92,4991.77
2025-05-01,Premium_SUV,15919,420,26.38,1108.35,465505.69,0.06,Suspension,24181782.65,5194.73
2025-06-01,EV,2514,32,12.69,3507.05,112225.52,0.076,Electrical,4439177.46,3955.59
2025-06-01,Luxury_SUV,12026,289,23.99,1655.06,478313.57,0.053,Infotainment,27059662.28,5657.31
2025-06-01,Performance,7028,125,17.79,1358.88,169859.82,0.055,Powertrain,8659257.27,5097.88
2025-06-01,Premium_SUV,15322,371,24.2,1201.53,445768.3,0.059,Electrical,23274926.08,5221.31
2025-07-01,EV,2128,26,12.38,3593.52,93431.48,0.074,Electrical,3757916.31,4022.11
2025-07-01,Luxury_SUV,12216,274,22.47,1593.0,436482.23,0.048,Electrical,27487013.65,6297.4
2025-07-01,Performance,6566,119,18.11,1354.9,161232.54,0.056,Body,8090093.84,5017.66
2025-07-01,Premium_SUV,15016,327,21.8,1296.79,424049.21,0.058,Suspension,22810208.56,5379.14
2025-08-01,EV,2019,27,13.18,3570.86,96413.29,0.081,Battery/EV,3565723.21,3698.37
2025-08-01,Luxury_SUV,10910,228,20.88,1526.21,347974.88,0.043,Suspension,24547841.17,7054.49
2025-08-01,Performance,6735,134,19.82,1355.06,181578.48,0.061,Body,8298247.68,4570.06
2025-08-01,Premium_SUV,15903,362,22.79,1267.42,458805.79,0.059,Powertrain,24157420.12,5265.28
2025-09-01,EV,2028,29,14.23,3625.64,105143.51,0.088,Electrical,3580557.79,3405.4
2025-09-01,Luxury_SUV,10721,208,19.45,1459.75,303627.37,0.038,Electrical,24122398.48,7944.74
2025-09-01,Performance,6097,133,21.83,1350.86,179664.54,0.067,Body,7511605.86,4180.91
2025-09-01,Premium_SUV,16257,410,25.2,1354.1,555179.87,0.07,Infotainment,24694411.54,4448.0
2025-10-01,EV,1965,32,16.33,3539.73,113271.38,0.098,Electrical,3469606.37,3063.09
2025-10-01,Luxury_SUV,9177,180,19.66,1429.35,257283.22,0.037,Powertrain,20650352.98,8026.31
2025-10-01,Performance,6520,149,22.82,1462.49,217911.16,0.076,Electrical,8032721.73,3686.24
2025-10-01,Premium_SUV,13712,395,28.82,1332.4,526296.45,0.078,Powertrain,20829681.49,3957.78
2025-11-01,EV,1752,29,16.59,3840.4,111371.69,0.108,Infotainment,3093598.7,2777.72
2025-11-01,Luxury_SUV,8835,184,20.78,1457.18,268120.29,0.04,Electrical,19879919.41,7414.55
2025-11-01,Performance,5947,137,22.99,1447.55,198313.76,0.076,Suspension,7326877.71,3694.59
2025-11-01,Premium_SUV,12668,384,30.32,1399.93,537572.99,0.087,Powertrain,19243624.74,3579.72
2025-12-01,EV,1875,32,17.2,3551.64,113652.49,0.103,Electrical,3310899.91,2913.18
2025-12-01,Luxury_SUV,8632,189,21.85,1505.68,284572.68,0.044,Powertrain,19423138.1,6825.37
2025-12-01,Performance,5382,130,24.18,1427.87,185622.55,0.078,Powertrain,6631405.06,3572.52
2025-12-01,Premium_SUV,12748,385,30.18,1363.65,525006.36,0.084,Powertrain,19364224.57,3688.38
2026-01-01,EV,1867,30,15.93,3715.27,111458.19,0.101,Electrical,3296869.48,2957.94
2026-01-01,Luxury_SUV,8331,211,25.35,1527.17,322233.91,0.052,Powertrain,18745611.09,5817.39
2026-01-01,Performance,5085,120,23.67,1308.03,156963.04,0.07,Electrical,6265778.11,3991.88
2026-01-01,Premium_SUV,13983,404,28.91,1346.08,543815.39,0.079,Powertrain,21240869.97,3905.9
2026-02-01,EV,1989,33,16.82,3861.34,127424.21,0.109,Powertrain,3512245.78,2756.34
2026-02-01,Luxury_SUV,10010,267,26.63,1493.06,398646.84,0.053,Powertrain,22523326.91,5649.94
2026-02-01,Performance,5274,124,23.45,1280.25,158751.36,0.068,Powertrain,6498551.83,4093.54
2026-02-01,Premium_SUV,13850,397,28.69,1344.03,533578.77,0.079,Suspension,21038169.55,3942.84
2026-03-01,EV,2116,33,15.61,3668.62,121064.53,0.097,Battery/EV,3736269.61,3086.18
2026-03-01,Luxury_SUV,10136,248,24.51,1572.26,389919.43,0.051,Electrical,22806413.42,5849.01
2026-03-01,Performance,6709,161,23.95,1294.13,208354.14,0.071,Suspension,8266020.93,3967.29
2026-03-01,Premium_SUV,14343,395,27.52,1482.18,585462.08,0.083,Electrical,21787402.56,3721.4
2026-04-01,EV,2555,37,14.58,3944.66,145952.55,0.097,Electrical,4510301.19,3090.25
2026-04-01,Luxury_SUV,11292,272,24.07,1626.13,442307.27,0.052,Infotainment,25408999.87,5744.65
2026-04-01,Performance,6789,151,22.21,1281.74,193542.95,0.065,Infotainment,8365115.44,4322.1
2026-04-01,Premium_SUV,17130,432,25.2,1478.14,638555.55,0.076,Infotainment,26020483.14,4074.9
2026-05-01,EV,2283,32,14.06,3993.53,127793.11,0.095,Electrical,4030200.7,3153.69
2026-05-01,Luxury_SUV,12276,278,22.63,1612.5,448274.05,0.049,Electrical,27621488.55,6161.74
2026-05-01,Performance,7253,161,22.13,1389.68,223738.89,0.07,Body,8936720.97,3994.26
2026-05-01,Premium_SUV,17237,469,27.19,1397.94,655636.11,0.078,Electrical,26183612.94,3993.62
2026-06-01,EV,2033,26,12.58,4029.44,104765.47,0.087,Electrical,3588899.35,3425.65
2026-06-01,Luxury_SUV,12483,271,21.7,1570.54,425615.28,0.045,Electrical,28088384.1,6599.48
2026-06-01,Performance,6279,138,21.95,1388.82,191656.94,0.069,Powertrain,7736477.75,4036.63
2026-06-01,Premium_SUV,18891,536,28.36,1417.51,759783.35,0.082,Electrical,28695838.38,3776.84
2026-07-01,EV,2592,33,12.85,3926.64,129579.08,0.085,Infotainment,4575832.43,3531.3
2026-07-01,Luxury_SUV,12465,272,21.78,1614.43,439124.94,0.047,Suspension,28048164.09,6387.29
2026-07-01,Performance,7495,153,20.44,1471.45,225131.65,0.068,Suspension,9234202.59,4101.69
2026-07-01,Premium_SUV,16999,490,28.81,1367.33,669990.02,0.08,Infotainment,25821564.8,3854.02
2026-08-01,EV,2152,30,13.83,3810.28,114308.5,0.09,Suspension,3800038.12,3324.37
2026-08-01,Luxury_SUV,11270,257,22.79,1627.07,418157.57,0.049,Body,25358574.19,6064.36
2026-08-01,Performance,6919,150,21.64,1468.25,220237.12,0.072,Electrical,8524669.88,3870.68
2026-08-01,Premium_SUV,14620,397,27.18,1321.12,524486.1,0.073,Powertrain,22208852.08,4234.4
2026-09-01,EV,2090,30,14.46,3718.43,111552.97,0.09,Battery/EV,3690617.29,3308.4
2026-09-01,Luxury_SUV,10258,236,23.02,1532.5,361670.1,0.047,Infotainment,23082655.4,6382.24
2026-09-01,Performance,5761,131,22.82,1464.78,191886.77,0.076,Electrical,7098321.65,3699.22
2026-09-01,Premium_SUV,13470,387,28.72,1354.48,524181.98,0.079,Suspension,20461686.78,3903.55
2026-10-01,EV,2101,29,13.81,3728.96,108139.79,0.087,Infotainment,3709969.87,3430.72
2026-10-01,Luxury_SUV,9738,246,25.26,1546.07,380334.21,0.052,Electrical,21912271.71,5761.32
2026-10-01,Performance,5596,132,23.53,1455.29,192098.04,0.078,Suspension,6894296.93,3588.95
2026-10-01,Premium_SUV,15394,465,30.2,1337.72,622040.15,0.082,Body,23384430.93,3759.31
2026-11-01,EV,1612,23,14.45,3878.87,89214.03,0.094,Body,2846708.22,3190.87
2026-11-01,Luxury_SUV,8135,200,24.58,1578.81,315762.75,0.052,Suspension,18305524.73,5797.24
2026-11-01,Performance,5552,129,23.28,1453.48,187498.96,0.077,Electrical,6840098.71,3648.07
2026-11-01,Premium_SUV,14567,457,31.36,1337.16,611082.46,0.086,Body,22128718.6,3621.23
2026-12-01,EV,1623,25,15.61,3828.45,95711.3,0.1,Suspension,2866390.41,2994.83
2026-12-01,Luxury_SUV,8111,206,25.36,1530.49,315280.93,0.052,Powertrain,18249972.18,5788.48
2026-12-01,Performance,5352,122,22.84,1551.14,189239.17,0.08,Electrical,6594583.92,3484.79
2026-12-01,Premium_SUV,12557,419,33.37,1323.86,554696.66,0.09,Electrical,19075179.41,3438.85
